Question,Answer
Where is Gudlavalleru Engineering College located?,"Gudlavalleru Engineering College is located in Gudlavalleru, Krishna District, Andhra Pradesh, India."
What courses does the college offer?,"The college offers B.Tech, M.Tech, MBA, and diploma courses in various engineering and management disciplines."
Is Gudlavalleru Engineering College affiliated?,"Yes, it is affiliated with Jawaharlal Nehru Technological University (JNTU), Kakinada."
What are the admission criteria for B.Tech?,Admission is based on EAMCET scores and counseling conducted by APSCHE (Andhra Pradesh State Council of Higher Education).
What is the eligibility for M.Tech admission?,Candidates must have a valid GATE or PGECET score and should have completed a relevant bachelor's degree in engineering.
Does the college provide hostel facilities?,"Yes, the college offers hostel facilities for both boys and girls with all essential amenities."
What is the placement record of the college?,"The college has a strong placement record, with students getting recruited by top companies like TCS, Infosys, and Wipro."
Are there any scholarship programs?,"Yes, scholarships are available based on government schemes, merit, and financial need."
What are the contact details of the college?,You can contact the college at +91-XXXXXXXXXX or visit the official website: www.gecgudlavalleru.ac.in.
What is the accreditation status of the college?,The college is accredited by NAAC with an 'A' grade and is also NBA-accredited for various engineering programs.
What are the specializations available in B.Tech?,"Specializations include CSE, ECE, EEE, IT, Civil, Mechanical, and Artificial Intelligence & Data Science."
Does the college provide transportation facilities?,"Yes, the college has a fleet of buses covering major towns and cities nearby."
How are the faculty members at Gudlavalleru Engineering College?,"The faculty consists of experienced professors and researchers, many of whom hold PhDs."
What extracurricular activities are available?,"The college supports sports, cultural events, technical fests, and student clubs for overall development."
Are internships provided to students?,"Yes, the college has tie-ups with various companies and provides internship opportunities for students."
What labs and research facilities are available?,"The college has well-equipped labs, research centers, and industry collaboration programs for innovation and development."
What is the fee structure for B.Tech courses?,The fee structure varies by program and category. It is best to check the official website or contact the administration.
What is the medium of instruction?,The medium of instruction is English for all courses.
How can I apply for admission?,"You can apply through the AP EAMCET website for B.Tech, and for M.Tech/MBA through GATE/PGECET/ICET."
Does the college have an alumni network?,"Yes, there is an active alumni association that connects graduates and helps in networking and career opportunities."
What companies visit the college for placements?,"Major recruiters include TCS, Infosys, Wipro, Capgemini, Cognizant, Tech Mahindra, and HCL."
Does the college offer lateral entry for diploma holders?,"Yes, diploma holders can join B.Tech programs through AP ECET."
What are the hostel fees?,Hostel fees vary based on room type and facilities. Contact the administration for the latest fee details.
What are the library facilities available?,"The college has a digital library, e-journals, reference books, and study materials for students and faculty."
Does the college offer foreign exchange programs?,Some departments have MoUs with international universities for student exchange programs.
What is the college's ranking in India?,The college consistently ranks among the top engineering colleges in Andhra Pradesh.
Does the college provide online learning resources?,"Yes, students have access to NPTEL, Coursera, and other e-learning platforms."
What sports facilities are available?,"The college has basketball, volleyball, cricket, indoor games, and a gymnasium for students."
Does the college conduct workshops and seminars?,"Yes, the college organizes technical workshops, guest lectures, and industry interaction programs."
