Processed_Question,Answer
gudlavalleru-engineering-college-locate,"Gudlavalleru Engineering College is located in Gudlavalleru, Krishna District, Andhra Pradesh, India."
course-college-offer,"The college offers B.Tech, M.Tech, MBA, and diploma courses in various engineering and management disciplines."
gudlavalleru-engineering-college-affiliate,"Yes, it is affiliated with Jawaharlal Nehru Technological University (JNTU), Kakinada."
admission-criterion,Admission is based on EAMCET scores and counseling conducted by APSCHE (Andhra Pradesh State Council of Higher Education).
eligibility-admission,Candidates must have a valid GATE or PGECET score and should have completed a relevant bachelor's degree in engineering.
college-provide-hostel-facility,"Yes, the college offers hostel facilities for both boys and girls with all essential amenities."
placement-record-college,"The college has a strong placement record, with students getting recruited by top companies like TCS, Infosys, and Wipro."
scholarship-program,"Yes, scholarships are available based on government schemes, merit, and financial need."
contact-detail-college,You can contact the college at +91-XXXXXXXXXX or visit the official website: www.gecgudlavalleru.ac.in.
accreditation-status-college,The college is accredited by NAAC with an 'A' grade and is also NBA-accredited for various engineering programs.
specialization-available,"Specializations include CSE, ECE, EEE, IT, Civil, Mechanical, and Artificial Intelligence & Data Science."
college-provide-transportation-facility,"Yes, the college has a fleet of buses covering major towns and cities nearby."
faculty-member-gudlavalleru-engineering-college,"The faculty consists of experienced professors and researchers, many of whom hold PhDs."
extracurricular-activity-available,"The college supports sports, cultural events, technical fests, and student clubs for overall development."
internship-provide-student,"Yes, the college has tie-ups with various companies and provides internship opportunities for students."
lab-research-facility-available,"The college has well-equipped labs, research centers, and industry collaboration programs for innovation and development."
fee-structure-course,The fee structure varies by program and category. It is best to check the official website or contact the administration.
medium-instruction,The medium of instruction is English for all courses.
apply-admission,"You can apply through the AP EAMCET website for B.Tech, and for M.Tech/MBA through GATE/PGECET/ICET."
college-alumnus-network,"Yes, there is an active alumni association that connects graduates and helps in networking and career opportunities."
company-visit-college-placement,"Major recruiters include TCS, Infosys, Wipro, Capgemini, Cognizant, Tech Mahindra, and HCL."
college-offer-lateral-entry-diploma-holder,"Yes, diploma holders can join B.Tech programs through AP ECET."
hostel-fee,Hostel fees vary based on room type and facilities. Contact the administration for the latest fee details.
library-facility-available,"The college has a digital library, e-journals, reference books, and study materials for students and faculty."
college-offer-foreign-exchange-program,Some departments have MoUs with international universities for student exchange programs.
college-rank-india,The college consistently ranks among the top engineering colleges in Andhra Pradesh.
college-provide-online-learning-resource,"Yes, students have access to NPTEL, Coursera, and other e-learning platforms."
sport-facility-available,"The college has basketball, volleyball, cricket, indoor games, and a gymnasium for students."
college-conduct-workshops-seminar,"Yes, the college organizes technical workshops, guest lectures, and industry interaction programs."
